{"cameraMode":{"drawMode":0,"name":"Shaded","section":"Shading Mode"},"sceneLighting":false,"audioPlay":false,"sceneViewState":{"showFog":false,"showMaterialUpdate":true,"showSkybox":false,"showFlares":false,"showImageEffects":false,"showParticleSystems":true},"in2DMode":false,"pivot":{"x":-1.1697652339935303,"y":0.7514283657073975,"z":0.5333237648010254},"rotation":{"x":0.2158650904893875,"y":-0.40668755769729617,"z":0.09952308982610703,"w":0.88210129737854},"size":2.9955830574035646,"orthographic":false}