{"cameraMode":{"drawMode":0,"name":"Shaded","section":"Shading Mode"},"sceneLighting":false,"audioPlay":false,"sceneViewState":{"showFog":false,"showMaterialUpdate":true,"showSkybox":false,"showFlares":false,"showImageEffects":false,"showParticleSystems":true},"in2DMode":false,"pivot":{"x":-0.4509429931640625,"y":1.1126708984375,"z":-6.19073486328125},"rotation":{"x":0.1272788941860199,"y":-0.10838202387094498,"z":0.013992602936923504,"w":0.9858294129371643},"size":0.23788966238498689,"orthographic":true}