{"cameraMode":{"drawMode":0,"name":"Shaded","section":"Shading Mode"},"sceneLighting":false,"audioPlay":false,"sceneViewState":{"showFog":false,"showMaterialUpdate":true,"showSkybox":false,"showFlares":false,"showImageEffects":false,"showParticleSystems":true},"in2DMode":false,"pivot":{"x":-0.703000009059906,"y":1.3224999904632569,"z":-6.937399864196777},"rotation":{"x":0.026856819167733194,"y":-0.1026621013879776,"z":-0.0027647868264466526,"w":-0.9943636655807495},"size":10.0,"orthographic":false}