{"cameraMode":{"drawMode":0,"name":"Shaded","section":"Shading Mode"},"sceneLighting":false,"audioPlay":false,"sceneViewState":{"showFog":false,"showMaterialUpdate":true,"showSkybox":false,"showFlares":false,"showImageEffects":false,"showParticleSystems":true},"in2DMode":false,"pivot":{"x":0.1899999976158142,"y":1.948984146118164,"z":-4.6408281326293949},"rotation":{"x":0.2603670060634613,"y":-0.42017918825149538,"z":0.12721753120422364,"w":0.8599332571029663},"size":0.07292752712965012,"orthographic":false}