{"cameraMode":{"drawMode":0,"name":"Shaded","section":"Shading Mode"},"sceneLighting":false,"audioPlay":false,"sceneViewState":{"showFog":true,"showMaterialUpdate":false,"showSkybox":false,"showFlares":true,"showImageEffects":true,"showParticleSystems":true},"in2DMode":false,"pivot":{"x":-28.438087463378908,"y":2.5416815280914308,"z":-21.71672821044922},"rotation":{"x":0.11636152118444443,"y":-0.828148603439331,"z":0.186924546957016,"w":0.5154830813407898},"size":1.2720736265182496,"orthographic":false}