{"cameraMode":{"drawMode":0,"name":"Shaded","section":"Shading Mode"},"sceneLighting":false,"audioPlay":false,"sceneViewState":{"showFog":true,"showMaterialUpdate":false,"showSkybox":false,"showFlares":true,"showImageEffects":true,"showParticleSystems":true},"in2DMode":false,"pivot":{"x":-26.394527435302736,"y":2.2277209758758547,"z":-18.843414306640626},"rotation":{"x":0.18452540040016175,"y":-0.4888348877429962,"z":0.10613617300987244,"w":0.8460767865180969},"size":1.378020167350769,"orthographic":false}