{"cameraMode":{"drawMode":0,"name":"Shaded","section":"Shading Mode"},"sceneLighting":false,"audioPlay":false,"sceneViewState":{"showFog":true,"showMaterialUpdate":false,"showSkybox":false,"showFlares":true,"showImageEffects":true,"showParticleSystems":true},"in2DMode":false,"pivot":{"x":-25.40999984741211,"y":4.489999771118164,"z":-20.950000762939454},"rotation":{"x":0.14912916719913484,"y":0.3458147346973419,"z":-0.05578453838825226,"w":0.9247223734855652},"size":4.744280815124512,"orthographic":false}