{"cameraMode":{"drawMode":0,"name":"Shaded","section":"Shading Mode"},"sceneLighting":false,"audioPlay":false,"sceneViewState":{"showFog":true,"showMaterialUpdate":false,"showSkybox":false,"showFlares":true,"showImageEffects":true,"showParticleSystems":true},"in2DMode":false,"pivot":{"x":-0.01924079656600952,"y":0.9977660179138184,"z":-0.0026153698563575746},"rotation":{"x":0.36556026339530947,"y":0.05852024257183075,"z":-0.023004455491900445,"w":0.9286906719207764},"size":1.1144946813583375,"orthographic":false}