{"cameraMode":{"drawMode":0,"name":"Shaded","section":"Shading Mode"},"sceneLighting":false,"audioPlay":false,"sceneViewState":{"showFog":true,"showMaterialUpdate":false,"showSkybox":false,"showFlares":true,"showImageEffects":true,"showParticleSystems":true},"in2DMode":false,"pivot":{"x":-11.352996826171875,"y":3.9572625160217287,"z":-23.432374954223634},"rotation":{"x":0.026550592854619027,"y":0.5107845664024353,"z":-0.015794992446899415,"w":0.8591828942298889},"size":1.8103485107421876,"orthographic":false}