{"cameraMode":{"drawMode":0,"name":"Shaded","section":"Shading Mode"},"sceneLighting":false,"audioPlay":false,"sceneViewState":{"showFog":true,"showMaterialUpdate":false,"showSkybox":false,"showFlares":true,"showImageEffects":true,"showParticleSystems":true},"in2DMode":false,"pivot":{"x":-16.478878021240236,"y":0.9760234355926514,"z":-22.981298446655275},"rotation":{"x":0.25734761357307436,"y":0.505217432975769,"z":-0.16096235811710359,"w":0.8078804016113281},"size":1.1326450109481812,"orthographic":false}