{"cameraMode":{"drawMode":0,"name":"Shaded","section":"Shading Mode"},"sceneLighting":false,"audioPlay":false,"sceneViewState":{"showFog":true,"showMaterialUpdate":false,"showSkybox":false,"showFlares":true,"showImageEffects":true,"showParticleSystems":true},"in2DMode":false,"pivot":{"x":-15.278435707092286,"y":0.20028890669345857,"z":3.38435697555542},"rotation":{"x":0.14912916719913484,"y":0.3458147346973419,"z":-0.05578453838825226,"w":0.9247223734855652},"size":0.1393260806798935,"orthographic":false}