{"cameraMode":{"drawMode":0,"name":"Shaded","section":"Shading Mode"},"sceneLighting":false,"audioPlay":false,"sceneViewState":{"showFog":true,"showMaterialUpdate":false,"showSkybox":false,"showFlares":true,"showImageEffects":true,"showParticleSystems":true},"in2DMode":false,"pivot":{"x":-12.137413024902344,"y":2.59954571723938,"z":-23.402544021606447},"rotation":{"x":0.11636112630367279,"y":-0.5626397728919983,"z":0.08037754893302918,"w":0.8145183324813843},"size":1.141126036643982,"orthographic":true}