{"cameraMode":{"drawMode":0,"name":"Shaded","section":"Shading Mode"},"sceneLighting":true,"audioPlay":false,"sceneViewState":{"showFog":false,"showMaterialUpdate":true,"showSkybox":false,"showFlares":false,"showImageEffects":false,"showParticleSystems":true},"in2DMode":false,"pivot":{"x":-14.70556640625,"y":3.2685546875,"z":-24.2529296875},"rotation":{"x":-0.007683695759624243,"y":-0.9729876518249512,"z":0.2288438081741333,"w":-0.03264892101287842},"size":7.129385948181152,"orthographic":true}