{"cameraMode":{"drawMode":0,"name":"Shaded","section":"Shading Mode"},"sceneLighting":false,"audioPlay":false,"sceneViewState":{"showFog":false,"showMaterialUpdate":true,"showSkybox":false,"showFlares":false,"showImageEffects":false,"showParticleSystems":true},"in2DMode":false,"pivot":{"x":0.8472635746002197,"y":1.1743191480636597,"z":-6.756915092468262},"rotation":{"x":-0.280324250459671,"y":0.36541512608528139,"z":-0.11640796065330506,"w":-0.8799667954444885},"size":0.377000629901886,"orthographic":false}