{"cameraMode":{"drawMode":0,"name":"Shaded","section":"Shading Mode"},"sceneLighting":false,"audioPlay":false,"sceneViewState":{"showFog":false,"showMaterialUpdate":true,"showSkybox":false,"showFlares":false,"showImageEffects":false,"showParticleSystems":true},"in2DMode":false,"pivot":{"x":0.6945683360099793,"y":1.1406805515289307,"z":-7.053115367889404},"rotation":{"x":-0.14272180199623109,"y":0.84364914894104,"z":-0.27434152364730837,"w":-0.4388958215713501},"size":2.177003860473633,"orthographic":false}