{"cameraMode":{"drawMode":0,"name":"Shaded","section":"Shading Mode"},"sceneLighting":false,"audioPlay":false,"sceneViewState":{"showFog":false,"showMaterialUpdate":true,"showSkybox":false,"showFlares":false,"showImageEffects":false,"showParticleSystems":true},"in2DMode":false,"pivot":{"x":-11.915398597717286,"y":2.916020631790161,"z":-21.91986083984375},"rotation":{"x":0.2550205886363983,"y":0.030452407896518709,"z":-0.008035849779844284,"w":0.9664225578308106},"size":0.39841127395629885,"orthographic":false}