{"cameraMode":{"drawMode":0,"name":"Shaded","section":"Shading Mode"},"sceneLighting":false,"audioPlay":false,"sceneViewState":{"showFog":false,"showMaterialUpdate":true,"showSkybox":false,"showFlares":false,"showImageEffects":false,"showParticleSystems":true},"in2DMode":false,"pivot":{"x":-14.225333213806153,"y":1.6191444396972657,"z":-8.208428382873536},"rotation":{"x":0.2550205886363983,"y":0.030452407896518709,"z":-0.008035849779844284,"w":0.9664225578308106},"size":1.83112370967865,"orthographic":false}