{"cameraMode":{"drawMode":0,"name":"Shaded","section":"Shading Mode"},"sceneLighting":false,"audioPlay":false,"sceneViewState":{"showFog":false,"showMaterialUpdate":true,"showSkybox":false,"showFlares":false,"showImageEffects":false,"showParticleSystems":true},"in2DMode":false,"pivot":{"x":-27.595001220703126,"y":3.0927999019622804,"z":-21.317157745361329},"rotation":{"x":0.026856819167733194,"y":-0.1026621013879776,"z":-0.0027647868264466526,"w":-0.9943636655807495},"size":0.9720736145973206,"orthographic":false}