{"cameraMode":{"drawMode":0,"name":"Shaded","section":"Shading Mode"},"sceneLighting":false,"audioPlay":false,"sceneViewState":{"showFog":false,"showMaterialUpdate":true,"showSkybox":false,"showFlares":false,"showImageEffects":false,"showParticleSystems":true},"in2DMode":false,"pivot":{"x":-27.767578125,"y":2.448486328125,"z":-18.82855224609375},"rotation":{"x":0.10803421586751938,"y":0.7099514007568359,"z":-0.11165973544120789,"w":0.6869004964828491},"size":1.698636770248413,"orthographic":false}