{"cameraMode":{"drawMode":0,"name":"Shaded","section":"Shading Mode"},"sceneLighting":false,"audioPlay":false,"sceneViewState":{"showFog":false,"showMaterialUpdate":true,"showSkybox":false,"showFlares":false,"showImageEffects":false,"showParticleSystems":true},"in2DMode":false,"pivot":{"x":-14.819999694824219,"y":3.218899965286255,"z":-21.628183364868165},"rotation":{"x":-0.01442690845578909,"y":-0.8672913312911987,"z":0.4971531629562378,"w":-0.025206193327903749},"size":1.4361406564712525,"orthographic":true}