{"cameraMode":{"drawMode":0,"name":"Shaded","section":"Shading Mode"},"sceneLighting":true,"audioPlay":false,"sceneViewState":{"showFog":false,"showMaterialUpdate":true,"showSkybox":false,"showFlares":false,"showImageEffects":false,"showParticleSystems":true},"in2DMode":false,"pivot":{"x":-25.40999984741211,"y":4.489999771118164,"z":-20.950000762939454},"rotation":{"x":0.2550205886363983,"y":0.030452407896518709,"z":-0.008035849779844284,"w":0.9664225578308106},"size":18.10166358947754,"orthographic":false}