{"cameraMode":{"drawMode":0,"name":"Shaded","section":"Shading Mode"},"sceneLighting":false,"audioPlay":false,"sceneViewState":{"showFog":false,"showMaterialUpdate":true,"showSkybox":false,"showFlares":false,"showImageEffects":false,"showParticleSystems":true},"in2DMode":false,"pivot":{"x":-26.347427368164064,"y":3.154942750930786,"z":-18.0071964263916},"rotation":{"x":0.2550205886363983,"y":0.030452407896518709,"z":-0.008035849779844284,"w":0.9664225578308106},"size":10.0,"orthographic":false}