{"cameraMode":{"drawMode":0,"name":"Shaded","section":"Shading Mode"},"sceneLighting":false,"audioPlay":false,"sceneViewState":{"showFog":false,"showMaterialUpdate":true,"showSkybox":false,"showFlares":false,"showImageEffects":false,"showParticleSystems":true},"in2DMode":false,"pivot":{"x":-26.37045669555664,"y":2.3626956939697267,"z":-19.239673614501954},"rotation":{"x":0.26163870096206667,"y":-0.33955973386764529,"z":0.09892983734607697,"w":0.8980296850204468},"size":4.377081871032715,"orthographic":false}