{"cameraMode":{"drawMode":0,"name":"Shaded","section":"Shading Mode"},"sceneLighting":false,"audioPlay":false,"sceneViewState":{"showFog":true,"showMaterialUpdate":false,"showSkybox":false,"showFlares":true,"showImageEffects":true,"showParticleSystems":true},"in2DMode":false,"pivot":{"x":-14.225333213806153,"y":1.6191444396972657,"z":-8.208428382873536},"rotation":{"x":-0.15897707641124726,"y":-0.3899657428264618,"z":0.0685458555817604,"w":-0.9044150710105896},"size":1.83112370967865,"orthographic":true}