{"cameraMode":{"drawMode":0,"name":"Shaded","section":"Shading Mode"},"sceneLighting":false,"audioPlay":false,"sceneViewState":{"showFog":true,"showMaterialUpdate":false,"showSkybox":false,"showFlares":true,"showImageEffects":true,"showParticleSystems":true},"in2DMode":false,"pivot":{"x":-10.842041015625,"y":2.601318359375,"z":-24.06207275390625},"rotation":{"x":0.15445972979068757,"y":0.614113450050354,"z":-0.12416815012693405,"w":0.7639380097389221},"size":0.9278576970100403,"orthographic":true}