{"cameraMode":{"drawMode":0,"name":"Shaded","section":"Shading Mode"},"sceneLighting":false,"audioPlay":false,"sceneViewState":{"showFog":true,"showMaterialUpdate":false,"showSkybox":false,"showFlares":true,"showImageEffects":true,"showParticleSystems":true},"in2DMode":false,"pivot":{"x":-25.59998893737793,"y":3.4600002765655519,"z":-20.830005645751954},"rotation":{"x":0.08761977404356003,"y":0.3299716114997864,"z":-0.030775252729654313,"w":0.9394229054450989},"size":3.164595603942871,"orthographic":true}