{"cameraMode":{"drawMode":0,"name":"Shaded","section":"Shading Mode"},"sceneLighting":false,"audioPlay":false,"sceneViewState":{"showFog":true,"showMaterialUpdate":false,"showSkybox":false,"showFlares":true,"showImageEffects":true,"showParticleSystems":true},"in2DMode":false,"pivot":{"x":-12.02061939239502,"y":2.948232412338257,"z":-21.817405700683595},"rotation":{"x":0.2143319696187973,"y":-0.5842320322990418,"z":0.16357968747615815,"w":0.7654989957809448},"size":0.13932619988918305,"orthographic":false}