{"cameraMode":{"drawMode":0,"name":"Shaded","section":"Shading Mode"},"sceneLighting":false,"audioPlay":false,"sceneViewState":{"showFog":true,"showMaterialUpdate":false,"showSkybox":false,"showFlares":true,"showImageEffects":true,"showParticleSystems":true},"in2DMode":false,"pivot":{"x":-12.141395568847657,"y":2.93039608001709,"z":-22.191293716430665},"rotation":{"x":0.4071054458618164,"y":-0.5651553273200989,"z":0.37677523493766787,"w":0.6106720566749573},"size":0.3393048346042633,"orthographic":false}