{"cameraMode":{"drawMode":0,"name":"Shaded","section":"Shading Mode"},"sceneLighting":false,"audioPlay":false,"sceneViewState":{"showFog":true,"showMaterialUpdate":false,"showSkybox":false,"showFlares":true,"showImageEffects":true,"showParticleSystems":true},"in2DMode":false,"pivot":{"x":-14.020999908447266,"y":2.0036964416503908,"z":4.468999862670898},"rotation":{"x":0.21335093677043916,"y":0.21485111117362977,"z":-0.04815712198615074,"w":0.9518454074859619},"size":1.1140183210372925,"orthographic":false}