{"cameraMode":{"drawMode":0,"name":"Shaded","section":"Shading Mode"},"sceneLighting":false,"audioPlay":false,"sceneViewState":{"showFog":true,"showMaterialUpdate":false,"showSkybox":false,"showFlares":true,"showImageEffects":true,"showParticleSystems":true},"in2DMode":false,"pivot":{"x":-27.692726135253908,"y":2.800543785095215,"z":-20.803773880004884},"rotation":{"x":0.11636152118444443,"y":-0.828148603439331,"z":0.186924546957016,"w":0.5154830813407898},"size":0.9720736145973206,"orthographic":false}