{"cameraMode":{"drawMode":0,"name":"Shaded","section":"Shading Mode"},"sceneLighting":false,"audioPlay":false,"sceneViewState":{"showFog":true,"showMaterialUpdate":false,"showSkybox":false,"showFlares":true,"showImageEffects":true,"showParticleSystems":true},"in2DMode":false,"pivot":{"x":-14.819999694824219,"y":3.218899965286255,"z":-21.628183364868165},"rotation":{"x":0.21335093677043916,"y":0.21485111117362977,"z":-0.04815712198615074,"w":0.9518454074859619},"size":1.4361406564712525,"orthographic":false}