{"cameraMode":{"drawMode":0,"name":"Shaded","section":"Shading Mode"},"sceneLighting":false,"audioPlay":false,"sceneViewState":{"showFog":true,"showMaterialUpdate":false,"showSkybox":false,"showFlares":true,"showImageEffects":true,"showParticleSystems":true},"in2DMode":false,"pivot":{"x":-12.038538932800293,"y":2.833390235900879,"z":-21.936933517456056},"rotation":{"x":0.23147471249103547,"y":-0.7543513178825378,"z":0.3423202931880951,"w":0.5101063847541809},"size":0.39841127395629885,"orthographic":false}