{"cameraMode":{"drawMode":0,"name":"Shaded","section":"Shading Mode"},"sceneLighting":false,"audioPlay":false,"sceneViewState":{"showFog":true,"showMaterialUpdate":false,"showSkybox":false,"showFlares":true,"showImageEffects":true,"showParticleSystems":true},"in2DMode":false,"pivot":{"x":-15.023642539978028,"y":0.28745076060295107,"z":3.384333610534668},"rotation":{"x":0.1131095215678215,"y":-0.5507751703262329,"z":0.07565110921859741,"w":0.8234870433807373},"size":0.4404234290122986,"orthographic":false}