{"cameraMode":{"drawMode":0,"name":"Shaded","section":"Shading Mode"},"sceneLighting":true,"audioPlay":false,"sceneViewState":{"showFog":true,"showMaterialUpdate":false,"showSkybox":false,"showFlares":true,"showImageEffects":true,"showParticleSystems":true},"in2DMode":false,"pivot":{"x":-0.035946428775787356,"y":-0.06138846278190613,"z":0.04707878828048706},"rotation":{"x":0.13572247326374055,"y":-0.837277352809906,"z":0.2406310737133026,"w":0.47193339467048647},"size":0.36350017786026,"orthographic":false}