{"cameraMode":{"drawMode":0,"name":"Shaded","section":"Shading Mode"},"sceneLighting":false,"audioPlay":false,"sceneViewState":{"showFog":true,"showMaterialUpdate":false,"showSkybox":false,"showFlares":true,"showImageEffects":true,"showParticleSystems":true},"in2DMode":false,"pivot":{"x":-11.737929344177246,"y":3.237499237060547,"z":-23.40283203125},"rotation":{"x":0.2213698774576187,"y":-0.22436974942684174,"z":0.05241645500063896,"w":0.9475798606872559},"size":2.4658453464508058,"orthographic":true}