{"cameraMode":{"drawMode":0,"name":"Shaded","section":"Shading Mode"},"sceneLighting":false,"audioPlay":false,"sceneViewState":{"showFog":true,"showMaterialUpdate":false,"showSkybox":false,"showFlares":true,"showImageEffects":true,"showParticleSystems":true},"in2DMode":false,"pivot":{"x":-12.181742668151856,"y":2.8492465019226076,"z":-22.211750030517579},"rotation":{"x":0.14912916719913484,"y":0.3458147346973419,"z":-0.05578453838825226,"w":0.9247223734855652},"size":0.1587950438261032,"orthographic":false}