{"cameraMode":{"drawMode":0,"name":"Shaded","section":"Shading Mode"},"sceneLighting":false,"audioPlay":false,"sceneViewState":{"showFog":true,"showMaterialUpdate":false,"showSkybox":false,"showFlares":true,"showImageEffects":true,"showParticleSystems":true},"in2DMode":false,"pivot":{"x":-12.030205726623536,"y":2.952288866043091,"z":-21.82761001586914},"rotation":{"x":0.14912916719913484,"y":0.3458147346973419,"z":-0.05578453838825226,"w":0.9247223734855652},"size":0.13932619988918305,"orthographic":false}