{"cameraMode":{"drawMode":0,"name":"Shaded","section":"Shading Mode"},"sceneLighting":true,"audioPlay":false,"sceneViewState":{"showFog":true,"showMaterialUpdate":false,"showSkybox":false,"showFlares":true,"showImageEffects":true,"showParticleSystems":true},"in2DMode":false,"pivot":{"x":0.0537109375,"y":0.041015625,"z":0.5198974609375},"rotation":{"x":0.014119541272521019,"y":0.9856123924255371,"z":-0.10686202347278595,"w":0.13025742769241334},"size":1.0487104654312134,"orthographic":true}