{"cameraMode":{"drawMode":0,"name":"Shaded","section":"Shading Mode"},"sceneLighting":false,"audioPlay":false,"sceneViewState":{"showFog":true,"showMaterialUpdate":false,"showSkybox":false,"showFlares":true,"showImageEffects":true,"showParticleSystems":true},"in2DMode":false,"pivot":{"x":-0.1151123046875,"y":1.080228328704834,"z":0.16994963586330415},"rotation":{"x":0.10378721356391907,"y":-0.8077060580253601,"z":0.14948277175426484,"w":0.560799777507782},"size":1.2719762325286866,"orthographic":true}