{"cameraMode":{"drawMode":0,"name":"Shaded","section":"Shading Mode"},"sceneLighting":false,"audioPlay":false,"sceneViewState":{"showFog":true,"showMaterialUpdate":false,"showSkybox":false,"showFlares":true,"showImageEffects":true,"showParticleSystems":true},"in2DMode":false,"pivot":{"x":-12.963309288024903,"y":4.4493408203125,"z":8.916707038879395},"rotation":{"x":0.1831451952457428,"y":-0.23772016167640687,"z":0.04569558799266815,"w":0.9528205990791321},"size":0.6466940641403198,"orthographic":true}