{"cameraMode":{"drawMode":0,"name":"Shaded","section":"Shading Mode"},"sceneLighting":true,"audioPlay":false,"sceneViewState":{"showFog":true,"showMaterialUpdate":false,"showSkybox":false,"showFlares":true,"showImageEffects":true,"showParticleSystems":true},"in2DMode":false,"pivot":{"x":-0.23676490783691407,"y":18.922170639038087,"z":-58.84938049316406},"rotation":{"x":0.23776723444461823,"y":0.5748238563537598,"z":-0.17932771146297456,"w":0.7621655464172363},"size":12.77375316619873,"orthographic":false}