{"cameraMode":{"drawMode":0,"name":"Shaded","section":"Shading Mode"},"sceneLighting":false,"audioPlay":false,"sceneViewState":{"showFog":true,"showMaterialUpdate":false,"showSkybox":false,"showFlares":true,"showImageEffects":true,"showParticleSystems":true},"in2DMode":false,"pivot":{"x":-12.884547233581543,"y":2.3422980308532717,"z":-4.372432231903076},"rotation":{"x":0.36556026339530947,"y":0.05852024257183075,"z":-0.023004455491900445,"w":0.9286906719207764},"size":1.065664291381836,"orthographic":false}