{"cameraMode":{"drawMode":0,"name":"Shaded","section":"Shading Mode"},"sceneLighting":true,"audioPlay":false,"sceneViewState":{"showFog":true,"showMaterialUpdate":false,"showSkybox":true,"showFlares":true,"showImageEffects":true,"showParticleSystems":true},"in2DMode":false,"pivot":{"x":-14.391500473022461,"y":2.922781467437744,"z":-16.958532333374025},"rotation":{"x":-0.20787213742733003,"y":0.010312212631106377,"z":-0.0024925479665398599,"w":-0.9781703948974609},"size":4.533089637756348,"orthographic":false}