{"cameraMode":{"drawMode":0,"name":"Shaded","section":"Shading Mode"},"sceneLighting":false,"audioPlay":false,"sceneViewState":{"showFog":true,"showMaterialUpdate":false,"showSkybox":false,"showFlares":true,"showImageEffects":true,"showParticleSystems":true},"in2DMode":false,"pivot":{"x":-4.295899868011475,"y":2.130357265472412,"z":-44.20703125},"rotation":{"x":0.19548438489437104,"y":0.4596116542816162,"z":-0.10446575284004212,"w":0.8600301742553711},"size":29.320846557617189,"orthographic":true}