{"cameraMode":{"drawMode":0,"name":"Shaded","section":"Shading Mode"},"sceneLighting":false,"audioPlay":false,"sceneViewState":{"showFog":true,"showMaterialUpdate":false,"showSkybox":false,"showFlares":true,"showImageEffects":true,"showParticleSystems":true},"in2DMode":false,"pivot":{"x":-0.24772322177886964,"y":1.1305116415023804,"z":-7.35793399810791},"rotation":{"x":-0.11937295645475388,"y":0.8545542359352112,"z":-0.22550413012504579,"w":-0.4523986279964447},"size":0.3777531385421753,"orthographic":false}