{"cameraMode":{"drawMode":0,"name":"Shaded","section":"Shading Mode"},"sceneLighting":false,"audioPlay":false,"sceneViewState":{"showFog":true,"showMaterialUpdate":false,"showSkybox":false,"showFlares":true,"showImageEffects":true,"showParticleSystems":true},"in2DMode":false,"pivot":{"x":-2.5946757793426515,"y":1.0689029693603516,"z":4.653668403625488},"rotation":{"x":0.14912916719913484,"y":0.3458147346973419,"z":-0.05578453838825226,"w":0.9247223734855652},"size":0.7393257021903992,"orthographic":false}