{"cameraMode":{"drawMode":0,"name":"Shaded","section":"Shading Mode"},"sceneLighting":false,"audioPlay":false,"sceneViewState":{"showFog":true,"showMaterialUpdate":false,"showSkybox":false,"showFlares":true,"showImageEffects":true,"showParticleSystems":true},"in2DMode":false,"pivot":{"x":-12.878671646118164,"y":4.324531078338623,"z":8.825404167175293},"rotation":{"x":0.23422904312610627,"y":0.2768179178237915,"z":-0.06976906955242157,"w":0.9293289184570313},"size":0.541680634021759,"orthographic":true}