{"cameraMode":{"drawMode":0,"name":"Shaded","section":"Shading Mode"},"sceneLighting":false,"audioPlay":false,"sceneViewState":{"showFog":true,"showMaterialUpdate":false,"showSkybox":false,"showFlares":true,"showImageEffects":true,"showParticleSystems":true},"in2DMode":false,"pivot":{"x":-25.49483299255371,"y":1.6105047464370728,"z":-21.1767520904541},"rotation":{"x":0.13248464465141297,"y":0.26699307560920718,"z":-0.03704741969704628,"w":0.9538577795028687},"size":3.3514091968536379,"orthographic":false}